term,estimate,std.error,statistic,p.value,conf.low,conf.high,df,outcome,experiment,model,n,r2
(Intercept),-95.0739341036841,23.802885975257286,-3.9942187767698383,1.3747275653624343e-4,-142.4004483936278,-47.74741981374039,85,margin,Experiment 1,M1,88,0.014726460238882688
condition_factorTreated,15.582088291986619,28.32690245474582,0.5500809104306438,0.5837064995169248,-40.739382777022215,71.90355936099546,85,margin,Experiment 1,M1,88,0.014726460238882688
condition_factorAdjacent,-9.241620759835113,27.305351245130076,-0.3384545643405104,0.7358552621815284,-63.531974342920435,45.048732823250205,85,margin,Experiment 1,M1,88,0.014726460238882688
(Intercept),-60.87896632714627,15.422881883463239,-3.94731456722249,1.675098306100954e-4,-91.56566347896431,-30.192269175328235,81,margin,Experiment 1,M2,88,0.6660705156050595
condition_factorTreated,34.7862791180129,18.20737354217364,1.9105599738170707,0.05959961548471376,-1.4406830049210555,71.01324124094685,81,margin,Experiment 1,M2,88,0.6660705156050595
condition_factorAdjacent,11.713062582989862,17.88479071778628,0.6549175088384632,0.5143764216277296,-23.87206090607846,47.298186072058186,81,margin,Experiment 1,M2,88,0.6660705156050595
(Intercept),448.8345510685993,34.76222562082298,12.911559690232899,9.662002713897111e-22,379.71793347423454,517.951168662964,85,turnout,Experiment 1,M1,88,0.06635129325030853
condition_factorTreated,53.0017430795609,48.748017794192535,1.0872594513140414,0.27999567316041196,-43.92237625376064,149.92586241288245,85,turnout,Experiment 1,M1,88,0.06635129325030853
condition_factorAdjacent,110.32933998873219,52.795916394045825,2.0897324551634227,0.03963057582916823,5.356913776600365,215.301766200864,85,turnout,Experiment 1,M1,88,0.06635129325030853
(Intercept),32.50387715509893,19.343433501813116,1.6803571688579613,0.09674072134835451,-5.983487932156692,70.99124224235455,81,turnout,Experiment 1,M2,88,0.9586829635731263
condition_factorTreated,10.331378876489456,15.740980626936487,0.656336420286933,0.5134679478036687,-20.98823499472613,41.65099274770505,81,turnout,Experiment 1,M2,88,0.9586829635731263
condition_factorAdjacent,11.91375836642887,11.758600713058998,1.0131952480704236,0.31398391657993296,-11.4821686553352,35.30968538819294,81,turnout,Experiment 1,M2,88,0.9586829635731263
(Intercept),32.41478504033721,9.733040197984261,3.3303864343486835,0.0014228538322174236,12.982143292809269,51.847426787865146,66,margin,Experiment 2,M1,69,0.04756515239352921
condition_factorTreated,24.672983705382425,17.195614263283133,1.434841659484379,0.1560540725239001,-9.659167894717545,59.0051353054824,66,margin,Experiment 2,M1,69,0.04756515239352921
condition_factorAdjacent,21.436333265378124,12.565167920250277,1.7060124784190827,0.09270783191808588,-3.6508339223545967,46.52350045311084,66,margin,Experiment 2,M1,69,0.04756515239352921
(Intercept),-30.992612404416768,15.628680142738206,-1.9830601254461875,0.05172412075577397,-62.22403755973937,0.23881275090583287,63,margin,Experiment 2,M2,69,0.5014586161903036
condition_factorTreated,4.427068943343272,14.470401349157902,0.3059396098644426,0.76065933461183,-24.489720739225795,33.34385862591234,63,margin,Experiment 2,M2,69,0.5014586161903036
condition_factorAdjacent,5.563074524689096,12.363148740947803,0.44997230408332134,0.6542749462151869,-19.142706837561157,30.26885588693935,63,margin,Experiment 2,M2,69,0.5014586161903036
(Intercept),92.77592197870445,11.927326017296624,7.778434314964125,6.598917650600014e-11,68.96224723932582,116.58959671808307,66,turnout,Experiment 2,M1,69,0.06744382188862574
condition_factorTreated,38.40740178143985,23.037467324990022,1.6671711885523635,0.10021922349964918,-7.58838578241172,84.40318934529142,66,turnout,Experiment 2,M1,69,0.06744382188862574
condition_factorAdjacent,33.19050670299451,15.131205184607252,2.193513755054932,0.031797895848428584,2.9800808155409264,63.40093259044809,66,turnout,Experiment 2,M1,69,0.06744382188862574
(Intercept),-43.402441345999094,15.695116311126414,-2.765346907001301,0.007450730235743828,-74.76662859010159,-12.038254101896602,63,turnout,Experiment 2,M2,69,0.6947306920948547
condition_factorTreated,9.029496124238745,13.372053162793783,0.6752512882137122,0.5019870464573482,-17.692419847714774,35.75141209619227,63,turnout,Experiment 2,M2,69,0.6947306920948547
condition_factorAdjacent,8.012017325135027,11.275629901511856,0.7105605092679356,0.47997888664245836,-14.520531049515267,30.54456569978532,63,turnout,Experiment 2,M2,69,0.6947306920948547
(Intercept),-436.67544345444657,33.17093529906236,-13.164399481578382,1.48086565604705e-25,-502.3098061925577,-371.04108071633544,128,margin,Experiment 3,M1,131,0.042526307853996914
condition_factorTreated,84.69684208483014,47.14092945144496,1.7966731473139,0.07474578861501303,-8.579540855005277,177.97322502466557,128,margin,Experiment 3,M1,131,0.042526307853996914
condition_factorAdjacent,72.07384176675934,39.56813351230161,1.821512297120404,0.07086409134831169,-6.218470596522877,150.36615413004156,128,margin,Experiment 3,M1,131,0.042526307853996914
(Intercept),-256.77280997516,38.56922472116723,-6.657453237172282,7.715951784216778e-10,-333.1001718399196,-180.44544811040038,126,margin,Experiment 3,M2,131,0.6516330841299743
condition_factorTreated,45.30423927633843,34.951833044887955,1.2961906523802365,0.19727894703685867,-23.864410805178927,114.47288935785579,126,margin,Experiment 3,M2,131,0.6516330841299743
condition_factorAdjacent,34.38487158847872,32.779053021021724,1.0489891689801762,0.29619101472761317,-30.48391070121491,99.25365387817234,126,margin,Experiment 3,M2,131,0.6516330841299743
(Intercept),1141.1888233243064,87.7057694509603,13.01155933604105,3.500784869086429e-25,967.6479739490948,1314.7296726995182,128,turnout,Experiment 3,M1,131,0.003257913082390318
condition_factorTreated,-11.278552645158072,104.82529392963477,-0.10759380892105044,0.9144863735636378,-218.69330606940798,196.13620077909184,128,turnout,Experiment 3,M1,131,0.003257913082390318
condition_factorAdjacent,35.97800287303614,96.36362285249797,0.37335668593642446,0.7095006111064226,-154.6938886499674,226.64989439603966,128,turnout,Experiment 3,M1,131,0.003257913082390318
(Intercept),224.73553742239824,94.42490074713015,2.3800452597163955,0.018809813830096035,37.8714347479461,411.5996400968504,126,turnout,Experiment 3,M2,131,0.7362716477961148
condition_factorTreated,-64.87041777095679,56.282927444614586,-1.1525771795504554,0.25126596635178866,-176.25267657781978,46.51184103590619,126,turnout,Experiment 3,M2,131,0.7362716477961148
condition_factorAdjacent,-16.07668239878055,50.34651514726686,-0.31932065907154056,0.7500121695114683,-115.71095578789681,83.55759099033571,126,turnout,Experiment 3,M2,131,0.7362716477961148
(Intercept),-124.63736588185634,16.56296301150733,-7.525064554890508,5.063647577530303e-11,-157.56897369036864,-91.70575807334404,85,margin,Experiment 4,M1,88,0.0011871689164688615
condition_factorTreated,5.859393765709217,26.721461971402114,0.21927669122221183,0.8269602167389098,-47.27003151290261,58.98881904432104,85,margin,Experiment 4,M1,88,0.0011871689164688615
condition_factorAdjacent,-1.169801353187723,22.994202012773687,-0.05087375298076783,0.9595454824465889,-46.888435273233775,44.54883256685833,85,margin,Experiment 4,M1,88,0.0011871689164688615
(Intercept),-19.08677825036565,22.042298639039753,-0.8659159628914792,0.38915841924232397,-62.9608762103976,24.787319709666296,79,margin,Experiment 4,M2,88,0.6272248739337478
condition_factorTreated,-9.33496471401686,19.547744607318858,-0.4775468935951701,0.6342913624116198,-48.24377707717953,29.573847649145815,79,margin,Experiment 4,M2,88,0.6272248739337478
condition_factorAdjacent,-6.0314989335744915,12.054228171741292,-0.5003637601380506,0.6182100365697956,-30.024839932178878,17.9618420650299,79,margin,Experiment 4,M2,88,0.6272248739337478
(Intercept),360.64695848411975,46.07171162970657,7.82794790397104,1.254788619008938e-11,269.0440528082291,452.2498641600104,85,turnout,Experiment 4,M1,88,0.009073829863567417
condition_factorTreated,-47.22174184784297,64.91378829539298,-0.7274531819489322,0.46894738035431416,-176.2877438683433,81.84426017265739,85,turnout,Experiment 4,M1,88,0.009073829863567417
condition_factorAdjacent,-21.08232593081095,57.35663585141119,-0.36756559407401584,0.7141108097484845,-135.12268427502926,92.95803241340735,85,turnout,Experiment 4,M1,88,0.009073829863567417
(Intercept),5.229038252061795,28.481485929576458,0.18359429227081603,0.8548021496804383,-51.4619414041301,61.9200179082537,79,turnout,Experiment 4,M2,88,0.8774663861992491
condition_factorTreated,7.222524128585461,28.410658587959354,0.2542188209479389,0.7999870412253349,-49.32747723059463,63.772525487765556,79,turnout,Experiment 4,M2,88,0.8774663861992491
condition_factorAdjacent,14.528023991617241,22.331098173348654,0.6505736475134888,0.5172094141774538,-29.92091506219422,58.9769630454287,79,turnout,Experiment 4,M2,88,0.8774663861992491
