mean,se,time,scenario,pr_pos,facet
0,0.05,Prior,Agnostic,0.5,"N(0.000, 0.050)
pr(ATE>0)=0.500"
0.02210192341666809,0.016132297353782618,Update 1,Agnostic,0.9146630896847034,"N(0.022, 0.016)
pr(ATE>0)=0.915"
0.01944232485401461,0.015531418046124257,Update 2,Agnostic,0.8946797483313453,"N(0.019, 0.016)
pr(ATE>0)=0.895"
0.018621044927855015,0.007529266694749117,Update 3,Agnostic,0.9933037012153846,"N(0.019, 0.008)
pr(ATE>0)=0.993"
0.01620077543008754,0.007227754742964044,Update 4,Agnostic,0.9875020871654463,"N(0.016, 0.007)
pr(ATE>0)=0.988"
0.05,0.05,Prior,Optimist,0.8413447460685429,"N(0.050, 0.050)
pr(ATE>0)=0.841"
0.027306943774885323,0.016132297353782618,Update 1,Optimist,0.9547425507176472,"N(0.027, 0.016)
pr(ATE>0)=0.955"
0.024266823784484096,0.015531418046124257,Update 2,Optimist,0.9409071705144625,"N(0.024, 0.016)
pr(ATE>0)=0.941"
0.019754842067068186,0.007529266694749117,Update 3,Optimist,0.9956514991902524,"N(0.020, 0.008)
pr(ATE>0)=0.996"
0.017245584202576332,0.007227754742964044,Update 4,Optimist,0.9914841415308532,"N(0.017, 0.007)
pr(ATE>0)=0.991"
0,0.01,Prior,Skeptic,0.5,"N(0.000, 0.010)
pr(ATE>0)=0.500"
0.006317705717013462,0.00862503527011143,Update 1,Skeptic,0.7680635878774591,"N(0.006, 0.009)
pr(ATE>0)=0.768"
0.0058636113181424485,0.008529421940395477,Update 2,Skeptic,0.7541026239948316,"N(0.006, 0.009)
pr(ATE>0)=0.754"
0.012058523560280393,0.006058954968642462,Update 3,Skeptic,0.9767154675246812,"N(0.012, 0.006)
pr(ATE>0)=0.977"
0.010789668224001183,0.005898472400527383,Update 4,Skeptic,0.9663174904930413,"N(0.011, 0.006)
pr(ATE>0)=0.966"
