experiment,arm,estimate,std.error
Experiment 1,Adjacent,0.01769246580089867,0.015629580007938366
Experiment 2,Adjacent,0.0042804454707283226,0.0453949744301064
Experiment 3,Adjacent,0.0184661680108188,0.006560341238816354
Experiment 4,Adjacent,-0.02026154601737023,0.020520714764280308
Pooled,Adjacent,0.015086801085319484,0.005755416505552526
Experiment 1,Treated,0.024670089810747906,0.01704380468835777
Experiment 2,Treated,-0.014277800966352679,0.05744242512875654
Experiment 3,Treated,0.018368744719537197,0.008608437090039408
Experiment 4,Treated,-0.012215509710716737,0.025799094769816077
Pooled,Treated,0.01654653472273972,0.0073044754515352115
