term,estimate,std.error,statistic,p.value,conf.low,conf.high,df,outcome,experiment,n,r2
(Intercept),0.15926356166093938,0.10999761669576771,1.4478819309461206,0.15160719804912576,-0.05968121761596454,0.3782083409378433,79,share,Experiment 1,88,0.8288599474563577
condition_factorTreated,0.03133230036097606,0.01706773337084086,1.8357622351017804,0.07015558937488224,-0.0026401731151659003,0.06530477383711802,79,share,Experiment 1,88,0.8288599474563577
condition_factorAdjacent,0.020934433870473067,0.014475880000320997,1.4461596718133098,0.15208828886523107,-0.007879084519431968,0.049747952260378106,79,share,Experiment 1,88,0.8288599474563577
party_share,0.026635163033526865,0.041586616262060866,0.6404743984382761,0.523717655867832,-0.05614092604805186,0.10941125211510559,79,share,Experiment 1,88,0.8288599474563577
condition_factorTreated:party_share,0.03102326496277174,0.029666874543813514,1.0457207049888264,0.2988791363526569,-0.02802717170983271,0.09007370163537619,79,share,Experiment 1,88,0.8288599474563577
condition_factorAdjacent:party_share,0.01104407794967571,0.02531859631858506,0.43620419594781523,0.6638783376140507,-0.03935132741538367,0.061439483314735095,79,share,Experiment 1,88,0.8288599474563577
(Intercept),0.306331837678797,0.23818796366900521,1.286092852720665,0.20327101900625746,-0.16995443213566352,0.7826181074932576,61,share,Experiment 2,69,0.2772017234010026
condition_factorTreated,-0.00939986931205108,0.05987008481905453,-0.15700444287761278,0.8757598611197316,-0.12911750295188,0.11031776432777782,61,share,Experiment 2,69,0.2772017234010026
condition_factorAdjacent,0.010608365173077202,0.0460812684704981,0.23020992097621687,0.8186989346732338,-0.08153682608701447,0.10275355643316887,61,share,Experiment 2,69,0.2772017234010026
party_share,-0.02042804891024196,0.032792525765867185,-0.6229483223126697,0.535640611969232,-0.08600075684322421,0.0451446590227403,61,share,Experiment 2,69,0.2772017234010026
condition_factorTreated:party_share,0.033498242850385516,0.06266006473887353,0.5346027488159235,0.5948678869411568,-0.09179830043877574,0.15879478613954678,61,share,Experiment 2,69,0.2772017234010026
condition_factorAdjacent:party_share,0.05302708281461525,0.03252777999339639,1.6302090958983526,0.1082107038498572,-0.012016233227706702,0.11807039885693721,61,share,Experiment 2,69,0.2772017234010026
(Intercept),0.5386218737212788,0.04490476200028658,11.994760683017123,1.7653314268104857e-22,0.449742771153239,0.6275009762893186,124,share,Experiment 3,131,0.8292941530649984
condition_factorTreated,0.019571814445506753,0.009143393190004782,2.1405417046815765,0.03426876667298827,0.0014744781062301891,0.03766915078478332,124,share,Experiment 3,131,0.8292941530649984
condition_factorAdjacent,0.019782348863846572,0.0072369594501471455,2.7335166101344326,0.007183186136774323,0.005458378919494834,0.03410631880819831,124,share,Experiment 3,131,0.8292941530649984
party_share,0.02776889533045189,0.0086896911802766,3.1956136017215724,0.0017700011853991093,0.010569562357893972,0.04496822830300981,124,share,Experiment 3,131,0.8292941530649984
condition_factorTreated:party_share,0.009565244332112732,0.007960757426216998,1.2015495285174387,0.23182795837255407,-0.00619132455471289,0.025321813218938352,124,share,Experiment 3,131,0.8292941530649984
condition_factorAdjacent:party_share,0.007670861361531487,0.007796757531668598,0.9838527529391866,0.32710370259477106,-0.007761105794889198,0.023102828517952173,124,share,Experiment 3,131,0.8292941530649984
(Intercept),0.4771669535806064,0.11331911941828275,4.210824757817708,6.83600348033447e-5,0.25151975895740963,0.7028141482038032,77,share,Experiment 4,88,0.181181057025949
condition_factorTreated,-0.013850957203316494,0.026408667044219927,-0.5244852828097607,0.6014477483242334,-0.0664373315314678,0.03873541712483482,77,share,Experiment 4,88,0.181181057025949
condition_factorAdjacent,-0.019944616895274263,0.021110936357449105,-0.9447528313085317,0.3477402317683784,-0.06198186170780925,0.022092627917260722,77,share,Experiment 4,88,0.181181057025949
party_share,0.020485916463216045,0.020655814568874713,0.9917748048573849,0.3244138301279298,-0.020645065087383164,0.06161689801381526,77,share,Experiment 4,88,0.181181057025949
condition_factorTreated:party_share,-0.020656235475708235,0.02665829961743068,-0.774851951255062,0.4408001425590442,-0.07373969176249758,0.0324272208110811,77,share,Experiment 4,88,0.181181057025949
condition_factorAdjacent:party_share,-0.015775034597130925,0.020312088029907104,-0.7766328392188969,0.4397546761365153,-0.05622156916619925,0.024671499971937395,77,share,Experiment 4,88,0.181181057025949
